id,Timestamp,Name,Email Address,Current Location,Contact Number,Current Address,Permanent Address,Travelled in the last 60 days  ,Travelled Country or State,Symptoms,Primary Contact Person,Secondary Contact Person1,Secondary Contact Person2,Secondary Contact Person3
1,2020/04/09 10:00:25 PM GMT+5:30,Shaily Jain,shailyjain25@gmail.com,Bangalore,8880003538,"902 Alpine Eco Apartments, Bangalore",Karnataka,Yes,Karnataka,headache,Rajat Jain,Shubham Jain,Monika Goyal,Kavya Nair
2,2020/04/09 10:03:12 PM GMT+5:30,Praval Jain,pravaljain43@gmail.com,HSR sector 6,9686871363,BTM 2 stage,Rajasthan,Yes,Rajasthan,headache,Rajat Jain,Manish,Shivam,Prateek
3,2020/04/09 10:05:38 PM GMT+5:30,Vikas Taili,vikastaili1000@gmail.com,"Powai, Mumbai",8050255908,"11, Harinagar Society,meghaninagar, Ahmedabad","Mahabaleshwar,Mumbai",Yes,Mumbai,Not Applicable,Shankarbhai teli,Sheetal kumar awadhiya,No,No
4,2020/04/09 10:28:44 PM GMT+5:30,Jimish Mehta,jimish_mehta@otpp.com,Powai,7340302959,Borivali,Mahabaleshwar,Yes,Mumbai,Not Applicable,Prem Dandu,Prema,Digi,Priyanka
5,2020/04/09 10:31:03 PM GMT+5:30,kiran,kirannimunkar29@gmail.com,mumbai,9664049893,grant road,maharashtra,Yes,Maharashtra,headache;cough;fever;tiredness,mummy,papa,VIT,tcs powai
6,2020/04/09 10:44:29 PM GMT+5:30,Mohit Sharma ,Mks201095@gmail.com,"Bellandur, Bengaluru ",9166144582,Beml layout Brookefield Bengaluru ,Jaipur Rajasthan ,Yes,Rajasthan ,Not Applicable,Kishan Sharma ,Ana jain ,Roshan sequeria,Chaitra naik
7,2020/04/09 11:22:59 PM GMT+5:30,Ana Jain,jainana8@gmail.com,"Kundanahalli, Bengaluru",9740838080,"60, 1st main road, BEML LAYOUT",Rajasthan,Yes,Rajasthan,headache;cough;fever;tiredness,Mamta Jain,Mohit Sharma,Divya verma,Neeti Vashisht
8,2020/04/12 1:16:28 AM GMT+5:30,Ronit Kumar,ronitkumar321@gmail.com,Bangalore,8880003538,"#568,18th cross,kpc layout, kasavanhalli, Bangalore","Main road, Nasriganj,bihar",No,None,Not Applicable,Vikash kumar,Swarnika Shubham,Priyadarshi,Shivam
9,2020/04/12 1:27:40 AM GMT+5:30,Palak nayak,palaknayak19@gmail.com,Bangalore,9686871363,Rammurthy nagar,Damoh Madhya Pradesh,No,None,Not Applicable,Pihu nayak,None,None,None
10,2020/04/12 2:52:43 AM GMT+5:30,Ranveer Gupta,guptaji10@gmail.com,Bangalore ,8050255908,Bangalore ,Bangalore ,No,None,Not Applicable,Anku,Seema,Rekha,Reena
11,2020/04/12 3:54:53 AM GMT+5:30,Saurabh Ranani,saurabhranani10@gmail.com,"Kota, Rajasthan",7340302959,"6L4 Mahaveer Nagar Extn, Kota, Rajasthan","6L4 Mahaveer Nagar Extn, Kota, Rajasthan",No,None,Not Applicable,Me,Father,Mother,Brother
12,2020/04/12 9:56:37 AM GMT+5:30,Madhur Jain,madhurjain1995@gmail.com,"Kuchaman city, Nagaur, Rajasthan",9664049893,"Bijli Board Quaters, Kuchaman city, Nagaur, Rajasthan",ALWAR,No,Rajasthan,Not Applicable,Office staff,Office staff,Office staff,Office staff
13,2020/04/12 10:38:45 AM GMT+5:30,Pranay Jain,Pranayjarvis98@gmail.com ,Gurugram,9166144582,"Orchid petals, sector 49","4j25,26 rc vyas coloney
Bhilwara ",Yes,Haryana,Not Applicable,Annu jain,Keshav jain,Priti Jain,Ravi jain 
14,2020/04/12 11:26:12 AM GMT+5:30,Pawan tiwari,pvn.tiwari001@gmail.com,Singapore,9740838080,Singapore,Jhansi up India,Yes,Singapore,headache;cough;fever;tiredness,Me ,Me,Me,Me
15,2020/04/12 12:08:57 PM GMT+5:30,Antima jain ,antimajain03@gmail.com,Delhi,9004309828,Dwarka delhi ,Jaipur ,No,None,Not Applicable,Amit jain,Uttam Chand jain ,Shresth Jain,Meenakshi 
16,2020/04/09 10:03:12 PM GMT+5:30,Rajat Jain,rajatj2807@gmail.com,Bangalore,9843259732,A902 alpine eco apartment,Kota,Yes,Rajasthan,headache;cough;fever;tiredness,Shubham Jain,Shaily Jain,Praval Jain,Shubham Awasthi
17,2020/04/09 10:03:12 PM GMT+5:30,Shubham Jain,jainshubh2207@gmail.com,Bangalore,9043874159,A902 alpine eco apartment,Kota,Yes,Rajasthan,headache;cough;fever;tiredness,Neeraj Jain,Sunita Jain,Dinesh Chand Jain,Namita Jain
