﻿Name,Age_Group,Personal_Email_ID,Contracted_Covid,Primary Contact Person,Covid_Adjacent_Location,Current_Location,Current_Address,Current_Latitude,Current_Longitude,Alternative_Address,Alternative_Latitude,Alternative_Longitude,Travelled in last 60 days,State_Travelled,Country_Travelled,Symptoms,Symptoms_Description,Secondary Contact Person1,Secondary Contact Person2,Secondary Contact Person3
Gina Goico,30-40,ginagoico@gmail.com,TRUE,Craig Shapiro,Grace H Dodge High School,"Manhattan, NY","685 Academy St Apt 36, New York, NY 10034",40.86736,-73.92548,"4582 Manhattan College Pkwy Apt 4c, Bronx NY 10471",40.8893,-73.89977,Yes,CA ,Italy,TRUE,headache;cough;fever;tiredness,Miguel Arce Renteria,Matthew Talucci,Anne Rago
Miguel Arce Renteria,40-50,,FALSE,Evelyn Tandom,Columbia University,"Manhattan, NY","685 Academy St Apt 36, New York, NY 10034",40.86736,-73.92548,"4582 Manhattan College Pkwy Apt 4c, Bronx NY 10471",40.8893,-73.89977,No,None,None,FALSE,headache;cough,Gina Goico,James F Irwin,Nicole Rago Jr
Louis Manuel Moreria,60-70,,FALSE,Araceli Moreira,West Bronx,"Bronx, NY",612 E 180th St Apt B Bronx NY 10457,40.84899,-73.89121,"4582 Manhattan College Pkwy Apt 4c, Bronx NY 10471",40.8893,-73.89977,Yes,New Jersey,France,FALSE,headache,Carol Antwi,Courtney Donovan,N Hill
James F Irwin,60-70,,FALSE,Carol Antwi,"Inwood, Manhattan","Manhattan, NY","685 Academy St Apt 1, New York, NY 10034",40.86736,-73.92548,"4582 Manhattan College Pkwy Apt 4c, Bronx NY 10471",40.8893,-73.89977,Yes,Massachesetts,Spain,FALSE,headache;cough;fever,Louis Manuel Moreria,Maria E Medina,Stephanie Williams
Matthew Talucci,30-40,,FALSE,Isabel Cales,"Inwood, Manhattan","Manhattan, NY","685 Academy St Apt 2, New York, NY 10034",40.86736,-73.92548,"4582 Manhattan College Pkwy Apt 4c, Bronx NY 10471",40.8893,-73.89977,Yes,Illinois,United Kingdom,FALSE,headache;cough,Carol Antwi,Mae Dale Jackson,Victoria H Owens
Craig Shapiro,60-70,,FALSE,Gina Goica,Grace H Dodge High School,"Brooklyn, NY","2255 E 71st St, Brooklyn NY 11234",40.61731,-73.90426,"102474 Crotona Avenue, Bronx, NY 10458",40.84623,73.89045,No,None,None,TRUE,cough,John Henry Jones,Ortense E Bailey,Geneva F Fields
Nicole Rago Jr,70-80,,FALSE,Craig Shapiro,"Brooklyn, NY","Lake Worth, FL","7681 Northtree Way, Lake Worth FL 33467",26.56177,-80.15429,"2255 E 71st St, Brooklyn NY 11234",40.61731,-73.904259,Yes,NY ,Poland,FALSE,headache;cough;fever,Maribel Medina,Evelyn Tandom,Miguel Arce Renteria
Anne Rago,40-50,,FALSE,Nicole Rago,"Brooklyn, NY","Brooklyn, NY","2141 E 65th St, Brooklyn NY 11234",40.61624,-73.91062,"1714 Kimball St, Brooklyn NY 11234",40.61605,-73.93378,Yes,NY,Australia,FALSE,headache;cough;fever,Evelyn Tandom,Carol Antwi,Gina Goico
Araceli Moreira,90-100,,TRUE,Louis Manuel Moreria,West Bronx,"Bronx, NY","685 Academy St Apt 2, New York, NY 10034",40.86736,-73.92548,"2255 E 71st St, Brooklyn NY 11234",40.61731,-73.904259,Yes,Louisiana ,Romania,TRUE,headache;cough;fever,Anne Rago,Linda Akowuattdenteh,Jenny Erzuah
Maribel Medina,40-50,,FALSE,Linda Akowuattdenteh,Grace H Dodge High School,"Bronx, NY","685 Academy St Apt 2, New York, NY 10034",40.86736,-73.92548,"2255 E 71st St, Brooklyn NY 11234",40.61731,-73.904259,Yes,Louisiana ,Denmark,FALSE,headache;cough;fever,Luis Carmelo Collazo Jr.,Isabel Cales,John Henry Jones
John Child,30-40,,FALSE,Pauline M Asmah,Grace H Dodge High School,"Bronx, NY","2474 Crotona Avenue, Bronx, NY 10458",40.855206,-73.88274,"2255 E 71st St, Brooklyn NY 11234",40.61731,-73.904259,Yes,Washington,Czech Republic (Czechia),TRUE,headache;cough,Myrna B Aguirre,Louis Manuel Moreria,Ortense E Bailey
,,,,,,,,,,,,,,,,,,,,
,,,,,,,,,,,,,,,,,,,,
,,,,,,,,,,,,,,,,,,,,
,,,,,,,,,,,,,,,,,,,,
,,,,,,,,,,,,,,,,,,,,
,,,,,,,,,,,,,,,,,,,,
,,,,,,,,,,,,,,,,,,,,
,,,,,,,,,,,,,,,,,,,,
,,,,,,,,,,,,,,,,,,,,
,,,,,,,,,,,,,,,,,,,,
,,,,,,,,,,,,,,,,,,,,
,,,,,,,,,,,,,,,,,,,,
,,,,,,,,,,,,,,,,,,,,
,,,,,,,,,,,,,,,,,,,,
,,,,,,,,,,,,,,,,,,,,
,,,,,,,,,,,,,,,,,,,,
,,,,,,,,,,,,,,,,,,,,
,,,,,,,,,,,,,,,,,,,,
,,,,,,,,,,,,,,,,,,,,
,,,,,,,,,,,,,,,,,,,,
,,,,,,,,,,,,,,,,,,,,
,,,,,,,,,,,,,,,,,,,,
,,,,,,,,,,,,,,,,,,,,