﻿Name,Age_Group,Personal_Email_ID,Contracted_Covid,Primary Contact Person,Covid_Adjacent_Location,Current_Location,Current_Address,Current_Latitude,Current_Longitude,Alternative_Address,Alternative_Latitude,Alternative_Longitude,Travelled in last 60 days,State_Travelled,Country_Travelled,Symptoms,Symptoms_Description,Secondary Contact Person1,Secondary Contact Person2,Secondary Contact Person3
Gina Goico,30-40,ginagoico@gmail.com,TRUE,Craig Shapiro,Grace H Dodge High School,"Manhattan, NY","685 Academy St Apt 36, New York, NY 10034",40.86736,-73.92548,"4582 Manhattan College Pkwy Apt 4c, Bronx NY 10471",40.8893,-73.89977,Yes,CA ,Italy,TRUE,headache;cough;fever;tiredness,Miguel Arce Renteria,Matthew Talucci,Anne Rago
Miguel Arce Renteria,40-50,,FALSE,Evelyn Tandom,Columbia University,"Manhattan, NY","685 Academy St Apt 36, New York, NY 10034",40.86736,-73.92548,"4582 Manhattan College Pkwy Apt 4c, Bronx NY 10471",40.8893,-73.89977,No,None,None,FALSE,headache;cough,Gina Goico,James F Irwin,Nicole Rago Jr
Louis Manuel Moreria,60-70,,FALSE,Araceli Moreira,West Bronx,"Bronx, NY",612 E 180th St Apt B Bronx NY 10457,40.84899,-73.89121,"4582 Manhattan College Pkwy Apt 4c, Bronx NY 10471",40.8893,-73.89977,Yes,New Jersey,France,FALSE,headache,Carol Antwi,Courtney Donovan,N Hill
James F Irwin,60-70,,FALSE,Carol Antwi,"Inwood, Manhattan","Manhattan, NY","685 Academy St Apt 1, New York, NY 10034",40.86736,-73.92548,"4582 Manhattan College Pkwy Apt 4c, Bronx NY 10471",40.8893,-73.89977,Yes,Massachesetts,Spain,FALSE,headache;cough;fever,Louis Manuel Moreria,Maria E Medina,Stephanie Williams
Matthew Talucci,30-40,,FALSE,Isabel Cales,"Inwood, Manhattan","Manhattan, NY","685 Academy St Apt 2, New York, NY 10034",40.86736,-73.92548,"4582 Manhattan College Pkwy Apt 4c, Bronx NY 10471",40.8893,-73.89977,Yes,Illinois,United Kingdom,FALSE,headache;cough,Carol Antwi,Mae Dale Jackson,Victoria H Owens
Craig Shapiro,60-70,,FALSE,Gina Goica,Grace H Dodge High School,"Brooklyn, NY","2255 E 71st St, Brooklyn NY 11234",40.61731,-73.90426,"102474 Crotona Avenue, Bronx, NY 10458",40.84623,73.89045,No,None,None,TRUE,cough,John Henry Jones,Ortense E Bailey,Geneva F Fields
Nicole Rago Jr,70-80,,FALSE,Craig Shapiro,"Brooklyn, NY","Lake Worth, FL","7681 Northtree Way, Lake Worth FL 33467",26.56177,-80.15429,"2255 E 71st St, Brooklyn NY 11234",40.61731,-73.904259,Yes,NY ,Poland,FALSE,headache;cough;fever,Maribel Medina,Evelyn Tandom,Miguel Arce Renteria
Anne Rago,40-50,,FALSE,Nicole Rago,"Brooklyn, NY","Brooklyn, NY","2141 E 65th St, Brooklyn NY 11234",40.61624,-73.91062,"1714 Kimball St, Brooklyn NY 11234",40.61605,-73.93378,Yes,NY,Australia,FALSE,headache;cough;fever,Carol Antwi,Mae Dale Jackson,Gina Goico
Araceli Moreira,90-100,,TRUE,Louis Manuel Moreria,West Bronx,"Bronx, NY","685 Academy St Apt 2, New York, NY 10034",40.86736,-73.92548,"2255 E 71st St, Brooklyn NY 11234",40.61731,-73.904259,Yes,Louisiana ,Romania,TRUE,headache;cough;fever,Anne Rago,Linda Akowuattdenteh,Stephanie Williams
Maribel Medina,40-50,,FALSE,Linda Akowuattdenteh,Grace H Dodge High School,"Bronx, NY","685 Academy St Apt 2, New York, NY 10034",40.86736,-73.92548,"2255 E 71st St, Brooklyn NY 11234",40.61731,-73.904259,Yes,Louisiana ,Denmark,FALSE,headache;cough;fever,Luis Carmelo Collazo Jr.,Isabel Cales,John Henry Jones
John Child,30-40,,FALSE,Pauline M Asmah,Grace H Dodge High School,"Bronx, NY","2474 Crotona Avenue, Bronx, NY 10458",40.855206,-73.88274,"2255 E 71st St, Brooklyn NY 11234",40.61731,-73.904259,Yes,Washington,Czech Republic (Czechia),TRUE,headache;cough,Myrna B Aguirre,Louis Manuel Moreria,Ortense E Bailey
Jane Child,40-50,,FALSE,Rafael B Rodriguez,Grace H Dodge High School,"Bronx, NY","2474 Crotona Avenue, Bronx, NY 10458",40.855206,-73.88274,"2255 E 71st St, Brooklyn NY 11234",40.61731,-73.904259,Yes,Connecticut,Pakistan,FALSE,headache;cough,Gina Goica,Darryl Dyer ,Geneva F Fields
Pauline M Asmah,60-70,,FALSE,Ortense E Bailey,Montefiore Medical Center Moses Division,"Bronx, NY","40 W Mosholu Pky S, Bronx, NY 10468",40.879962,-73.886165,"2255 E 71st St, Brooklyn NY 11234",40.61731,-73.904259,Yes,Pennsylvania,None,FALSE,headache;cough,Craig Shapiro,Ortense E Bailey,Samuel Konadu
Evelyn Tandom,60-70,,FALSE,Gina Goico,Montefiore Medical Center Moses Division,"Bronx, NY","40 W Mosholu Pky S, Bronx, NY 10468",40.879962,-73.886165,"2255 E 71st St, Brooklyn NY 11234",40.61731,-73.904259,Yes,Connecticut,Philippines,FALSE,headache;cough;fever,Nicole Rago,Gina Goico,Korah D Daniel
N Hill,30-40,,FALSE,Miguel Arce Renteria,Montefiore Medical Center Moses Division,"Bronx, NY","40 W Mosholu Pky S, Bronx, NY 10468",40.879962,-73.886165,"102474 Crotona Avenue, Bronx, NY 10458",40.61731,-73.904259,Yes,Pennsylvania,Austria,FALSE,Not Applicable,Darryl Dyer ,Miguel Arce Renteria,Inell T Altman
Carol Antwi,60-70,,FALSE,James F Irwin,Montefiore Medical Center Moses Division,"Bronx, NY","40 W Mosholu Pky S, Bronx, NY 10468",40.879962,-73.886165,"102474 Crotona Avenue, Bronx, NY 10458",40.61731,-73.904259,Yes,CA ,Israel,FALSE,headache;cough;fever,Abigail Adu ,James F Irwin,Isabel Cales
Mae Dale Jackson,70-80,,FALSE,Matthew Talucci,Montefiore Medical Center Moses Division,"Bronx, NY","40 W Mosholu Pky S, Bronx, NY 10468",40.879962,-73.886165,"102474 Crotona Avenue, Bronx, NY 10458",40.61605,-73.93378,Yes,NY,South Korea,FALSE,headache;cough,Johnson Asase ,Matthew Talucci,Kip Bernard Bunting
Victoria H Owens,40-50,,FALSE,Craig Shapiro,Montefiore Medical Center Moses Division,"Bronx, NY","40 W Mosholu Pky S, Bronx, NY 10468",40.879962,-73.886165,"102474 Crotona Avenue, Bronx, NY 10458",40.61605,-73.93378,Yes,New Jersey,None,FALSE,headache;cough,Janet J Jackson,Craig Shapiro,Grace Kontoh
Myrna B Aguirre,90-100,,FALSE,Nicole Rago Jr,Montefiore Medical Center Moses Division,"Bronx, NY","40 W Mosholu Pky S, Bronx, NY 10468",40.879962,-73.886165,"102474 Crotona Avenue, Bronx, NY 10458",40.61605,-73.93378,Yes,Massachesetts,United Kingdom,FALSE,headache;cough;fever;tiredness,Salome Adu ,Nicole Rago Jr,Louis K Tano
Linda Akowuattdenteh,40-50,,FALSE,Anne Rago,Montefiore Medical Center Moses Division,"Bronx, NY","40 W Mosholu Pky S, Bronx, NY 10468",40.879962,-73.886165,"102474 Crotona Avenue, Bronx, NY 10458",40.61605,-73.93378,Yes,Illinois,Iran,FALSE,headache;cough,Harry Laguna,Daniel Kwadwo Osei,James F Irwin
James N Doggett,30-40,,FALSE,Araceli Moreira,Montefiore Medical Center Moses Division,"Bronx, NY","40 W Mosholu Pky S, Bronx, NY 10468",40.879962,-73.886165,"102474 Crotona Avenue, Bronx, NY 10458",40.61605,-73.93378,No,None,None,FALSE,headache;cough,Natalie Diaz,Connie Spires Touchton,Courtney Donovan
Gregory L Fields,40-50,,FALSE,Maribel Medina,Montefiore Medical Center Moses Division,"Bronx, NY","40 W Mosholu Pky S, Bronx, NY 10468",40.879962,-73.886165,"102474 Crotona Avenue, Bronx, NY 10458",40.61605,-73.93378,No,None,None,FALSE,headache;cough;fever;tiredness,Maggie L Robinson ,Andrea Canales,Maria E Medina
Harunaal Rashid,60-70,,FALSE,John Child,Montefiore Medical Center Moses Division,"Bronx, NY","40 W Mosholu Pky S, Bronx, NY 10468",40.879962,-73.886165,"102474 Crotona Avenue, Bronx, NY 10458",40.61605,-73.93378,Yes,None,Switzerland,FALSE,headache;cough;fever,Joseph M Hayden,Pauline N Dixon,Mae Dale Jackson
Russell Mcnaughton,60-70,,FALSE,Jane Child,Montefiore Medical Center Moses Division,"Bronx, NY","40 W Mosholu Pky S, Bronx, NY 10468",40.879962,-73.886165,"102474 Crotona Avenue, Bronx, NY 10458",40.61605,-73.93378,Yes,Connecticut,Netherlands,FALSE,headache;cough,Alm Lamptey ,James Asante,Ortense E Bailey
Luis Carmelo Collazo Jr.,30-40,,FALSE,Pauline M Asmah,Montefiore Medical Center Moses Division,"Bronx, NY","40 W Mosholu Pky S, Bronx, NY 10468",40.879962,-73.886165,"102474 Crotona Avenue, Bronx, NY 10458",40.61605,-73.93378,Yes,Pennsylvania,Canada,FALSE,headache;cough;fever;tiredness,Linda Akowuattdenteh,Nana Robinson,Evelyn Tandom
Athelstone Gittens,60-70,,FALSE,N Hill,Montefiore Medical Center Moses Division,"Bronx, NY","40 W Mosholu Pky S, Bronx, NY 10468",40.879962,-73.886165,"102474 Crotona Avenue, Bronx, NY 10458",40.61605,-73.93378,Yes,Connecticut,Brazil,FALSE,headache;cough;fever,Isabel Cales,Malick Diouf,Darryl Dyer 
Christine Parker,70-80,,FALSE,Carol Antwi,Montefiore Medical Center Moses Division,"Bronx, NY","40 W Mosholu Pky S, Bronx, NY 10468",40.879962,-73.886165,"102474 Crotona Avenue, Bronx, NY 10458",40.84623,73.89045,Yes,Pennsylvania,Portugal,FALSE,headache;cough;fever;tiredness,Louis Manuel Moreria,Francis Kwame Osei,Abigail Adu 
Wilhemina O Otuo Acheampong,40-50,,FALSE,Mae Dale Jackson,Montefiore Medical Center Moses Division,"Bronx, NY","40 W Mosholu Pky S, Bronx, NY 10468",40.879962,-73.886165,"102474 Crotona Avenue, Bronx, NY 10458",40.84623,73.89045,No,CA ,None,FALSE,Not Applicable,Darryl Dyer ,Craig Anthony,Johnson Asase 
Maria E Medina,90-100,,FALSE,Victoria H Owens,Montefiore Medical Center Moses Division,"Bronx, NY","40 W Mosholu Pky S, Bronx, NY 10468",40.879962,-73.886165,"102474 Crotona Avenue, Bronx, NY 10458",40.84623,73.89045,No,NY,Thailand,FALSE,headache;cough;fever,Anne Rago,Daryl A Dawson Jr,Janet J Jackson
Rafael B Rodriguez,40-50,,FALSE,Myrna B Aguirre,Montefiore Medical Center Moses Division,"Bronx, NY","40 W Mosholu Pky S, Bronx, NY 10468",40.879962,-73.886165,"2255 E 71st St, Brooklyn NY 11234",40.84623,73.89045,Yes,New Jersey,Singapore,FALSE,Not Applicable,Nicole Rago Jr,Akosua A Asantewaa,Salome Adu 
Kevin N Clark,30-40,,FALSE,Linda Akowuattdenteh,Montefiore Medical Center Moses Division,"Bronx, NY","40 W Mosholu Pky S, Bronx, NY 10468",40.879962,-73.886165,"2255 E 71st St, Brooklyn NY 11234",40.84623,73.89045,Yes,Massachesetts,Argentina,FALSE,headache;cough;fever;tiredness,N Hill,Kevin Appiah,Harry Laguna
Shirley Ahlijah,40-50,,FALSE,James N Doggett,Montefiore Medical Center Moses Division,"Bronx, NY","40 W Mosholu Pky S, Bronx, NY 10468",40.879962,-73.886165,"2255 E 71st St, Brooklyn NY 11234",40.84623,73.89045,Yes,New Jersey,Greece,FALSE,Not Applicable,Stephanie Williams,Solomon K Nanedo,Natalie Diaz
Stephanie Williams,60-70,,FALSE,Gregory L Fields,Montefiore Medical Center Moses Division,"Bronx, NY","40 W Mosholu Pky S, Bronx, NY 10468",40.879962,-73.886165,"2255 E 71st St, Brooklyn NY 11234",40.84623,73.89045,Yes,Massachesetts,South Africa,FALSE,headache;cough;fever,Victoria H Owens,Pauline M Asmah,Maggie L Robinson 
John Henry Jones,60-70,,FALSE,Harunaal Rashid,Montefiore Medical Center Moses Division,"Bronx, NY","40 W Mosholu Pky S, Bronx, NY 10468",40.879962,-73.886165,"2255 E 71st St, Brooklyn NY 11234",40.84623,73.89045,Yes,Illinois,Switzerland,FALSE,Not Applicable,Geneva F Fields,Rafael B Rodriguez,Joseph M Hayden
,,,,,,,,,,,,,,,,,,,,Alm Lamptey 